{"initial_reset_timestamp": 1572484384.4964135, "episode_lengths": [3724, 4224, 3544, 3607, 3280, 3963, 3131, 3515, 3300, 3731, 4137, 4264, 3318, 3843, 3536], "timestamps": [1572484387.4662647, 1572484390.1937194, 1572484391.6030014, 1572484392.9455097, 1572484394.1347556, 1572484395.5513735, 1572484396.6655154, 1572484397.9405987, 1572484400.013659, 1572484401.3785863, 1572484402.8551402, 1572484404.3825092, 1572484405.562063, 1572484406.9830961, 1572484408.2609766], "episode_rewards": [-20.0, -18.0, -21.0, -20.0, -21.0, -20.0, -21.0, -20.0, -21.0, -21.0, -18.0, -20.0, -21.0, -19.0, -21.0], "episode_types": ["t", "t", "t", "t", "t", "t", "t", "t", "t", "t", "t", "t", "t", "t", "t", "t"]}